<annotation>
	<folder>car</folder>
	<filename>116.jpg</filename>
	<path>C:\Users\am\Desktop\sanaz\car\116.jpg</path>
	<source>
		<database>Unknown</database>
	</source>
	<size>
		<width>666</width>
		<height>374</height>
		<depth>3</depth>
	</size>
	<segmented>0</segmented>
	<object>
		<name>car</name>
		<pose>Unspecified</pose>
		<truncated>0</truncated>
		<difficult>0</difficult>
		<bndbox>
			<xmin>55</xmin>
			<ymin>183</ymin>
			<xmax>144</xmax>
			<ymax>240</ymax>
		</bndbox>
	</object>
</annotation>
