<annotation>
	<folder>car</folder>
	<filename>129.jpg</filename>
	<path>C:\Users\am\Desktop\sanaz\car\129.jpg</path>
	<source>
		<database>Unknown</database>
	</source>
	<size>
		<width>237</width>
		<height>213</height>
		<depth>3</depth>
	</size>
	<segmented>0</segmented>
	<object>
		<name>car</name>
		<pose>Unspecified</pose>
		<truncated>0</truncated>
		<difficult>0</difficult>
		<bndbox>
			<xmin>55</xmin>
			<ymin>115</ymin>
			<xmax>124</xmax>
			<ymax>136</ymax>
		</bndbox>
	</object>
	<object>
		<name>car</name>
		<pose>Unspecified</pose>
		<truncated>1</truncated>
		<difficult>0</difficult>
		<bndbox>
			<xmin>219</xmin>
			<ymin>86</ymin>
			<xmax>237</xmax>
			<ymax>98</ymax>
		</bndbox>
	</object>
</annotation>
