<annotation>
	<folder>car</folder>
	<filename>138.jpg</filename>
	<path>C:\Users\am\Desktop\sanaz\car\138.jpg</path>
	<source>
		<database>Unknown</database>
	</source>
	<size>
		<width>1066</width>
		<height>599</height>
		<depth>3</depth>
	</size>
	<segmented>0</segmented>
	<object>
		<name>car</name>
		<pose>Unspecified</pose>
		<truncated>0</truncated>
		<difficult>0</difficult>
		<bndbox>
			<xmin>131</xmin>
			<ymin>359</ymin>
			<xmax>259</xmax>
			<ymax>418</ymax>
		</bndbox>
	</object>
</annotation>
