<annotation>
	<folder>car</folder>
	<filename>147.jpg</filename>
	<path>C:\Users\am\Desktop\sanaz\car\147.jpg</path>
	<source>
		<database>Unknown</database>
	</source>
	<size>
		<width>259</width>
		<height>194</height>
		<depth>3</depth>
	</size>
	<segmented>0</segmented>
	<object>
		<name>car</name>
		<pose>Unspecified</pose>
		<truncated>0</truncated>
		<difficult>0</difficult>
		<bndbox>
			<xmin>63</xmin>
			<ymin>80</ymin>
			<xmax>178</xmax>
			<ymax>163</ymax>
		</bndbox>
	</object>
</annotation>
