<annotation>
	<folder>car</folder>
	<filename>148.jpg</filename>
	<path>C:\Users\am\Desktop\sanaz\car\148.jpg</path>
	<source>
		<database>Unknown</database>
	</source>
	<size>
		<width>276</width>
		<height>183</height>
		<depth>3</depth>
	</size>
	<segmented>0</segmented>
	<object>
		<name>car</name>
		<pose>Unspecified</pose>
		<truncated>0</truncated>
		<difficult>0</difficult>
		<bndbox>
			<xmin>75</xmin>
			<ymin>89</ymin>
			<xmax>134</xmax>
			<ymax>144</ymax>
		</bndbox>
	</object>
</annotation>
