<annotation>
	<folder>car</folder>
	<filename>149.jpg</filename>
	<path>C:\Users\am\Desktop\sanaz\car\149.jpg</path>
	<source>
		<database>Unknown</database>
	</source>
	<size>
		<width>960</width>
		<height>631</height>
		<depth>3</depth>
	</size>
	<segmented>0</segmented>
	<object>
		<name>car</name>
		<pose>Unspecified</pose>
		<truncated>0</truncated>
		<difficult>0</difficult>
		<bndbox>
			<xmin>418</xmin>
			<ymin>338</ymin>
			<xmax>544</xmax>
			<ymax>387</ymax>
		</bndbox>
	</object>
</annotation>
