<annotation>
	<folder>car</folder>
	<filename>173.jpg</filename>
	<path>C:\Users\am\Desktop\sanaz\car\173.jpg</path>
	<source>
		<database>Unknown</database>
	</source>
	<size>
		<width>311</width>
		<height>416</height>
		<depth>3</depth>
	</size>
	<segmented>0</segmented>
	<object>
		<name>car</name>
		<pose>Unspecified</pose>
		<truncated>0</truncated>
		<difficult>0</difficult>
		<bndbox>
			<xmin>86</xmin>
			<ymin>236</ymin>
			<xmax>124</xmax>
			<ymax>251</ymax>
		</bndbox>
	</object>
</annotation>
