<annotation>
	<folder>car</folder>
	<filename>177.jpg</filename>
	<path>C:\Users\am\Desktop\sanaz\car\177.jpg</path>
	<source>
		<database>Unknown</database>
	</source>
	<size>
		<width>554</width>
		<height>416</height>
		<depth>3</depth>
	</size>
	<segmented>0</segmented>
	<object>
		<name>car</name>
		<pose>Unspecified</pose>
		<truncated>0</truncated>
		<difficult>0</difficult>
		<bndbox>
			<xmin>218</xmin>
			<ymin>220</ymin>
			<xmax>321</xmax>
			<ymax>240</ymax>
		</bndbox>
	</object>
	<object>
		<name>car</name>
		<pose>Unspecified</pose>
		<truncated>0</truncated>
		<difficult>0</difficult>
		<bndbox>
			<xmin>395</xmin>
			<ymin>100</ymin>
			<xmax>415</xmax>
			<ymax>106</ymax>
		</bndbox>
	</object>
</annotation>
