<annotation>
	<folder>car</folder>
	<filename>182.jpg</filename>
	<path>C:\Users\am\Desktop\sanaz\car\182.jpg</path>
	<source>
		<database>Unknown</database>
	</source>
	<size>
		<width>192</width>
		<height>416</height>
		<depth>3</depth>
	</size>
	<segmented>0</segmented>
	<object>
		<name>car</name>
		<pose>Unspecified</pose>
		<truncated>0</truncated>
		<difficult>0</difficult>
		<bndbox>
			<xmin>76</xmin>
			<ymin>238</ymin>
			<xmax>129</xmax>
			<ymax>254</ymax>
		</bndbox>
	</object>
</annotation>
