<annotation>
	<folder>newCar</folder>
	<filename>455.jpg</filename>
	<path>C:\Users\am\Desktop\sanaz\newCar\455.jpg</path>
	<source>
		<database>Unknown</database>
	</source>
	<size>
		<width>312</width>
		<height>416</height>
		<depth>3</depth>
	</size>
	<segmented>0</segmented>
	<object>
		<name>car</name>
		<pose>Unspecified</pose>
		<truncated>0</truncated>
		<difficult>0</difficult>
		<bndbox>
			<xmin>193</xmin>
			<ymin>325</ymin>
			<xmax>271</xmax>
			<ymax>361</ymax>
		</bndbox>
	</object>
</annotation>
