<annotation>
	<folder>car</folder>
	<filename>234.jpg</filename>
	<path>C:\Users\am\Desktop\sanaz\car\234.jpg</path>
	<source>
		<database>Unknown</database>
	</source>
	<size>
		<width>554</width>
		<height>416</height>
		<depth>3</depth>
	</size>
	<segmented>0</segmented>
	<object>
		<name>car</name>
		<pose>Unspecified</pose>
		<truncated>0</truncated>
		<difficult>0</difficult>
		<bndbox>
			<xmin>239</xmin>
			<ymin>301</ymin>
			<xmax>369</xmax>
			<ymax>333</ymax>
		</bndbox>
	</object>
	<object>
		<name>car</name>
		<pose>Unspecified</pose>
		<truncated>0</truncated>
		<difficult>0</difficult>
		<bndbox>
			<xmin>62</xmin>
			<ymin>118</ymin>
			<xmax>82</xmax>
			<ymax>129</ymax>
		</bndbox>
	</object>
</annotation>
