<annotation>
	<folder>car</folder>
	<filename>262.jpg</filename>
	<path>C:\Users\am\Desktop\sanaz\car\262.jpg</path>
	<source>
		<database>Unknown</database>
	</source>
	<size>
		<width>312</width>
		<height>416</height>
		<depth>3</depth>
	</size>
	<segmented>0</segmented>
	<object>
		<name>car</name>
		<pose>Unspecified</pose>
		<truncated>0</truncated>
		<difficult>0</difficult>
		<bndbox>
			<xmin>105</xmin>
			<ymin>280</ymin>
			<xmax>219</xmax>
			<ymax>304</ymax>
		</bndbox>
	</object>
</annotation>
