<annotation>
	<folder>car</folder>
	<filename>289.jpg</filename>
	<path>C:\Users\am\Desktop\sanaz\car\289.jpg</path>
	<source>
		<database>Unknown</database>
	</source>
	<size>
		<width>312</width>
		<height>416</height>
		<depth>3</depth>
	</size>
	<segmented>0</segmented>
	<object>
		<name>car</name>
		<pose>Unspecified</pose>
		<truncated>1</truncated>
		<difficult>0</difficult>
		<bndbox>
			<xmin>1</xmin>
			<ymin>320</ymin>
			<xmax>106</xmax>
			<ymax>369</ymax>
		</bndbox>
	</object>
</annotation>
