<annotation>
	<folder>car</folder>
	<filename>315.jpg</filename>
	<path>C:\Users\am\Desktop\sanaz\car\315.jpg</path>
	<source>
		<database>Unknown</database>
	</source>
	<size>
		<width>234</width>
		<height>416</height>
		<depth>3</depth>
	</size>
	<segmented>0</segmented>
	<object>
		<name>car</name>
		<pose>Unspecified</pose>
		<truncated>0</truncated>
		<difficult>0</difficult>
		<bndbox>
			<xmin>82</xmin>
			<ymin>235</ymin>
			<xmax>173</xmax>
			<ymax>255</ymax>
		</bndbox>
	</object>
</annotation>
