<annotation>
	<folder>car</folder>
	<filename>354.jpg</filename>
	<path>C:\Users\am\Desktop\sanaz\car\354.jpg</path>
	<source>
		<database>Unknown</database>
	</source>
	<size>
		<width>1280</width>
		<height>720</height>
		<depth>3</depth>
	</size>
	<segmented>0</segmented>
	<object>
		<name>car</name>
		<pose>Unspecified</pose>
		<truncated>1</truncated>
		<difficult>0</difficult>
		<bndbox>
			<xmin>179</xmin>
			<ymin>659</ymin>
			<xmax>394</xmax>
			<ymax>720</ymax>
		</bndbox>
	</object>
</annotation>
