<annotation>
	<folder>car</folder>
	<filename>355.jpg</filename>
	<path>C:\Users\am\Desktop\sanaz\car\355.jpg</path>
	<source>
		<database>Unknown</database>
	</source>
	<size>
		<width>750</width>
		<height>500</height>
		<depth>3</depth>
	</size>
	<segmented>0</segmented>
	<object>
		<name>car</name>
		<pose>Unspecified</pose>
		<truncated>0</truncated>
		<difficult>0</difficult>
		<bndbox>
			<xmin>170</xmin>
			<ymin>163</ymin>
			<xmax>425</xmax>
			<ymax>341</ymax>
		</bndbox>
	</object>
</annotation>
