<annotation>
	<folder>car</folder>
	<filename>364.jpg</filename>
	<path>C:\Users\am\Desktop\sanaz\car\364.jpg</path>
	<source>
		<database>Unknown</database>
	</source>
	<size>
		<width>312</width>
		<height>416</height>
		<depth>3</depth>
	</size>
	<segmented>0</segmented>
	<object>
		<name>car</name>
		<pose>Unspecified</pose>
		<truncated>0</truncated>
		<difficult>0</difficult>
		<bndbox>
			<xmin>106</xmin>
			<ymin>244</ymin>
			<xmax>197</xmax>
			<ymax>324</ymax>
		</bndbox>
	</object>
</annotation>
