<annotation>
	<folder>car</folder>
	<filename>375.jpg</filename>
	<path>C:\Users\am\Desktop\sanaz\car\375.jpg</path>
	<source>
		<database>Unknown</database>
	</source>
	<size>
		<width>311</width>
		<height>416</height>
		<depth>3</depth>
	</size>
	<segmented>0</segmented>
	<object>
		<name>car</name>
		<pose>Unspecified</pose>
		<truncated>0</truncated>
		<difficult>0</difficult>
		<bndbox>
			<xmin>76</xmin>
			<ymin>257</ymin>
			<xmax>142</xmax>
			<ymax>287</ymax>
		</bndbox>
	</object>
</annotation>
