<annotation>
	<folder>car</folder>
	<filename>378.jpg</filename>
	<path>C:\Users\am\Desktop\sanaz\car\378.jpg</path>
	<source>
		<database>Unknown</database>
	</source>
	<size>
		<width>554</width>
		<height>416</height>
		<depth>3</depth>
	</size>
	<segmented>0</segmented>
	<object>
		<name>car</name>
		<pose>Unspecified</pose>
		<truncated>0</truncated>
		<difficult>0</difficult>
		<bndbox>
			<xmin>358</xmin>
			<ymin>204</ymin>
			<xmax>431</xmax>
			<ymax>236</ymax>
		</bndbox>
	</object>
	<object>
		<name>car</name>
		<pose>Unspecified</pose>
		<truncated>1</truncated>
		<difficult>0</difficult>
		<bndbox>
			<xmin>527</xmin>
			<ymin>173</ymin>
			<xmax>554</xmax>
			<ymax>186</ymax>
		</bndbox>
	</object>
</annotation>
