<annotation>
	<folder>car</folder>
	<filename>380.jpg</filename>
	<path>C:\Users\am\Desktop\sanaz\car\380.jpg</path>
	<source>
		<database>Unknown</database>
	</source>
	<size>
		<width>413</width>
		<height>416</height>
		<depth>3</depth>
	</size>
	<segmented>0</segmented>
	<object>
		<name>car</name>
		<pose>Unspecified</pose>
		<truncated>0</truncated>
		<difficult>0</difficult>
		<bndbox>
			<xmin>220</xmin>
			<ymin>234</ymin>
			<xmax>299</xmax>
			<ymax>259</ymax>
		</bndbox>
	</object>
</annotation>
