<annotation>
	<folder>car</folder>
	<filename>384.jpg</filename>
	<path>C:\Users\am\Desktop\sanaz\car\384.jpg</path>
	<source>
		<database>Unknown</database>
	</source>
	<size>
		<width>458</width>
		<height>416</height>
		<depth>3</depth>
	</size>
	<segmented>0</segmented>
	<object>
		<name>car</name>
		<pose>Unspecified</pose>
		<truncated>0</truncated>
		<difficult>0</difficult>
		<bndbox>
			<xmin>150</xmin>
			<ymin>204</ymin>
			<xmax>301</xmax>
			<ymax>249</ymax>
		</bndbox>
	</object>
</annotation>
