<annotation>
	<folder>car</folder>
	<filename>394.jpg</filename>
	<path>C:\Users\am\Desktop\sanaz\car\394.jpg</path>
	<source>
		<database>Unknown</database>
	</source>
	<size>
		<width>554</width>
		<height>416</height>
		<depth>3</depth>
	</size>
	<segmented>0</segmented>
	<object>
		<name>car</name>
		<pose>Unspecified</pose>
		<truncated>0</truncated>
		<difficult>0</difficult>
		<bndbox>
			<xmin>117</xmin>
			<ymin>189</ymin>
			<xmax>200</xmax>
			<ymax>231</ymax>
		</bndbox>
	</object>
	<object>
		<name>car</name>
		<pose>Unspecified</pose>
		<truncated>0</truncated>
		<difficult>0</difficult>
		<bndbox>
			<xmin>329</xmin>
			<ymin>162</ymin>
			<xmax>353</xmax>
			<ymax>181</ymax>
		</bndbox>
	</object>
</annotation>
