<annotation>
	<folder>newCar</folder>
	<filename>402.jpg</filename>
	<path>C:\Users\am\Desktop\sanaz\newCar\402.jpg</path>
	<source>
		<database>Unknown</database>
	</source>
	<size>
		<width>234</width>
		<height>416</height>
		<depth>3</depth>
	</size>
	<segmented>0</segmented>
	<object>
		<name>car</name>
		<pose>Unspecified</pose>
		<truncated>0</truncated>
		<difficult>0</difficult>
		<bndbox>
			<xmin>73</xmin>
			<ymin>272</ymin>
			<xmax>143</xmax>
			<ymax>291</ymax>
		</bndbox>
	</object>
</annotation>
