<annotation>
	<folder>newCar</folder>
	<filename>430.jpg</filename>
	<path>C:\Users\am\Desktop\sanaz\newCar\430.jpg</path>
	<source>
		<database>Unknown</database>
	</source>
	<size>
		<width>554</width>
		<height>416</height>
		<depth>3</depth>
	</size>
	<segmented>0</segmented>
	<object>
		<name>car</name>
		<pose>Unspecified</pose>
		<truncated>0</truncated>
		<difficult>0</difficult>
		<bndbox>
			<xmin>139</xmin>
			<ymin>264</ymin>
			<xmax>211</xmax>
			<ymax>305</ymax>
		</bndbox>
	</object>
</annotation>
