<annotation>
	<folder>newCar</folder>
	<filename>433.jpg</filename>
	<path>C:\Users\am\Desktop\sanaz\newCar\433.jpg</path>
	<source>
		<database>Unknown</database>
	</source>
	<size>
		<width>311</width>
		<height>416</height>
		<depth>3</depth>
	</size>
	<segmented>0</segmented>
	<object>
		<name>car</name>
		<pose>Unspecified</pose>
		<truncated>0</truncated>
		<difficult>0</difficult>
		<bndbox>
			<xmin>80</xmin>
			<ymin>214</ymin>
			<xmax>150</xmax>
			<ymax>235</ymax>
		</bndbox>
	</object>
</annotation>
