<annotation>
	<folder>newCar</folder>
	<filename>442.jpg</filename>
	<path>C:\Users\am\Desktop\sanaz\newCar\442.jpg</path>
	<source>
		<database>Unknown</database>
	</source>
	<size>
		<width>225</width>
		<height>225</height>
		<depth>3</depth>
	</size>
	<segmented>0</segmented>
	<object>
		<name>car</name>
		<pose>Unspecified</pose>
		<truncated>0</truncated>
		<difficult>0</difficult>
		<bndbox>
			<xmin>94</xmin>
			<ymin>195</ymin>
			<xmax>135</xmax>
			<ymax>207</ymax>
		</bndbox>
	</object>
</annotation>
