<annotation>
	<folder>newCar</folder>
	<filename>443.jpg</filename>
	<path>C:\Users\am\Desktop\sanaz\newCar\443.jpg</path>
	<source>
		<database>Unknown</database>
	</source>
	<size>
		<width>1280</width>
		<height>960</height>
		<depth>3</depth>
	</size>
	<segmented>0</segmented>
	<object>
		<name>car</name>
		<pose>Unspecified</pose>
		<truncated>0</truncated>
		<difficult>0</difficult>
		<bndbox>
			<xmin>521</xmin>
			<ymin>344</ymin>
			<xmax>699</xmax>
			<ymax>388</ymax>
		</bndbox>
	</object>
	<object>
		<name>car</name>
		<pose>Unspecified</pose>
		<truncated>0</truncated>
		<difficult>0</difficult>
		<bndbox>
			<xmin>1137</xmin>
			<ymin>340</ymin>
			<xmax>1211</xmax>
			<ymax>372</ymax>
		</bndbox>
	</object>
</annotation>
